"Reference","seq_silkscreen","Qty","Value","seq_partno","Description","seq_socket","seq_purchase_url","Datasheet","DNP","Exclude from BOM","Exclude from Board"
"U7","LS280","1","SN74LS280N","SN74LS280N","LS280 Parity Generator","","https://www.mouser.com/ProductDetail/Texas-Instruments/SN74LS280N?qs=RnzODY3cU8s0sjqFeSi0MQ%3D%3D","http://www.ti.com/lit/gpn/sn74LS280","","",""
"J14","","1","Screw_Terminal_01x02","","Any screw terminal with 5mm pitch","","https://www.mouser.com/ProductDetail/Wurth-Elektronik/691137710002?qs=lBTPRtX1sU9LnHBbviNKGA%3D%3D","https://www.we-online.com/components/products/datasheet/691137710002.pdf","","",""
"J2","","1","PARITY","Pin header, Vertical, 1x3, 2.54mm pitch","Generic 2.54mm 1x3 pin header","","","~","","",""
"U9","MEMD","1","PAL20L10","","Programmable Array Logic (PAL), Active-Low Combinatorial, DIP-24","DIP-24","","https://rocelec.widen.net/view/pdf/pn0qtf2whd/VANTS00076-1.pdf","","",""
"U10","RTC","1","PAL16R4","","Programmable Array Logic (PAL), Active-Low Combinatorial, DIP-20 / PLCC-20","DIP-20","","https://www.alldatasheet.com/datasheet-pdf/download/55543/AMD/PAL16R4.html","","",""
"U8","MM58167","1","MM58167","MM58167AN /B8348","Microprocessor Real Time Clock, CMOS","DIP-24","https://www.ebay.com/sch/i.html?_nkw=MM58167AN","https://www.futurlec.com/Others/MM58167AN.shtml","","",""
"U11,U12,U13,U14,U15,U16,U17,U18,U19,U20,U21,U22,U23,U24,U25,U26,U27,U28,U29,U30,U31,U32,U33,U34,U35,U36,U37,U38,U39,U40,U41,U42,U43,U44,U45,U46,U47,U48,U49,U50,U51,U52,U53,U54,U55,U56,U57,U58,U59,U60,U61,U62,U63,U64","","54","MK4564","Mostek MK4564N-20","65536 x 1 bit Dynamic RAM, 120/150ns access time, single 5V ±10% power supply, TTL compatible inputs, DIP-16 (Epoxy/Plastic package)","DIP-16","https://www.electronicsurplus.com/mostek-mk4564n15-ic-memory-dram-64k-x-1","https://www.minuszerodegrees.net/memory/4164/datasheet_MK4564-15_and_MK4564-20.pdf","","",""
"J13","","1","Expansion Header J13","Pin header, Vertical, 2x17, 2.54mm pitch","Seequa Chameleon Expansion Header J13 - Signal Pins","","","~","","",""
"J12","","1","Expansion Header J12","Pin header, Vertical,  2x17, 2.54mm pitch","Seequa Chameleon Expansion Header J12 - Data and Address pins","","","~","","",""
"U6","LS245","1","74LS245","SN74LS245N","Octal BUS Transceivers, 3-State outputs","DIP-20","https://www.mouser.com/ProductDetail/Texas-Instruments/SN74LS245N?qs=tJ5HNKWh3OU3CUIGSPX6%2Fg%3D%3D","http://www.ti.com/lit/gpn/sn74LS245","","",""
"U2","LS244","1","74LS244","Mitsubishi M74LS244P ","Octal Buffer and Line Driver With 3-State Output, active-low enables, non-inverting outputs","DIP-20","https://www.mouser.com/ProductDetail/Texas-Instruments/SN74LS244N?qs=5WY7Uqh921ypecHduhX%252BiA%3D%3D","http://www.ti.com/lit/ds/symlink/sn74ls244.pdf","","",""
"U1","LS107","1","74LS107","Mitsubishi M74LS107AP 812600","Dual JK Flip-Flop, reset","DIP-14","https://www.mouser.com/ProductDetail/Texas-Instruments/SN74LS107AN?qs=HE9hdJajmepydgZvtE%2FvQg%3D%3D","http://www.ti.com/lit/gpn/sn74LS107","","",""
"U5","LS08","1","74LS08","Mitsubishi M74LS08P 831300","Quad And2","DIP-14","https://www.mouser.com/ProductDetail/Texas-Instruments/SN74LS08N?qs=spW5eSrOWB4y5MjcKVGhlA%3D%3D","http://www.ti.com/lit/gpn/sn74LS08","","",""
"U3,U4","F157","2","74F157","74F157N K8351","Quad 2 to 1 line Multiplexer","DIP-16","https://www.mouser.com/ProductDetail/Texas-Instruments/SN74F157AN?qs=vxEfx8VrU7BliUyB%2F82ugg%3D%3D","https://www.ti.com/lit/ds/symlink/sn74f157a.pdf?ts=1772755109970","","",""
"C6","","1","5.0 - 70.0pF","Johanson 9338","Differential variable capacitor with two stators","","https://www.surplussales.com/items/106928/ceramic-trimmer-capacitor/ ","https://surplussales-prod-media.sfo3.digitaloceanspaces.com/sfo3/item_pdfs/Variables/pdf/JMC-CerTrm9300.pdf","","",""
"CR1,CR2","","2","1N4148","","100V 0.15A standard switching diode, DO-35","","https://www.mouser.com/ProductDetail/Diotec-Semiconductor/1N4148?qs=OlC7AqGiEDmWf1%2FPHy84oA%3D%3D","https://assets.nexperia.com/documents/data-sheet/1N4148_1N4448.pdf","","",""
"R2,R3,R7","","3","510Ω","","Resistor,Resistor, small symbol","","","~","","",""
"RN10","","1","330Ω","6Y331Q Resistor Pack","3 resistor network, parallel topology, SIP package, split","","https://www.mouser.com/ProductDetail/Bourns/4606X-102-331LF?qs=voaTfGKAYlMLi%252B7uOjKOxg%3D%3D","https://www.mouser.com/datasheet/3/40/1/4600x.pdf","","",""
"RN7,RN8","","2","330Ω","6Y331Q Resistor Pack","3 resistor network, parallel topology, SIP package, split","","https://www.mouser.com/ProductDetail/Bourns/4606X-102-331LF?qs=voaTfGKAYlMLi%252B7uOjKOxg%3D%3D","https://www.mouser.com/datasheet/3/40/1/4600x.pdf","","",""
"RN1,RN2,RN3,RN4,RN5,RN6","","6","330Ω","4308R-120-330","4 resistor network, parallel topology, SIP package","","https://www.mouser.com/ProductDetail/Bourns/4308R-102-331LF?qs=KEpVMF%252BFc%2F8fsGMDGnyF6w%3D%3D","https://www.mouser.com/datasheet/3/40/1/4300R.pdf","","",""
"R1","","1","300Ω","","Standard THT Resistor, 1/4 watt, ±5%","","","~","","",""
"RN9","","1","270Ω","DALE 3-271G 8504","3 resistor network, parallel topology, SIP package, split","","https://www.mouser.com/ProductDetail/Bourns/4606X-102-271LF?qs=uoqEFGqoh2IFz6glguRWUA%3D%3D","https://www.mouser.com/datasheet/3/40/1/4600x.pdf","","",""
"R5","","1","200kΩ","","Standard THT Resistor, 1/4 watt, ±5%","","","~","","",""
"RN11","","1","180Ω","","8 resistor network, parallel topology","DIP-16","https://www.mouser.com/ProductDetail/Bourns/4116R-1-181LF?qs=Ce8Nk3DxA0BHo1k15Gh%252ByQ%3D%3D","https://www.mouser.com/datasheet/3/40/1/4100R.pdf","","",""
"C11","","1","82pF*","39K U2J 1KV","Unpolarized, dipped ceramic filter capacitor, ±10% 1KV","","","~","","",""
"Y1","","1","32.768 kHz","Unmarked","Two pin crystal, can, standard clock freq 32.768 kHz","","https://www.mouser.com/ProductDetail/ABRACON/AB38T-32.768KHZ?qs=m%252BUhWDcpCfbdp9ovMbeW3g%3D%3D","https://www.mouser.com/datasheet/3/184/1/AB38T.pdf","","",""
"BT1","BT","1","3V Lithium","CR2032 Coin Cell holder, P20.8mm","Single-cell battery, CR2032","","https://www.mouser.com/ProductDetail/Eagle-Plastic-Devices/122-7620-GR?qs=GYzcNiWpw3cDoAxkgPPo2w%3D%3D","https://www.mouser.com/catalog/specsheets/EPD-200880.pdf","","",""
"R10","","1","2kΩ","","Standard THT Resistor, 1/4 watt, ±5%","","","~","","",""
"R6","","1","1.6MΩ","","Flame-proof resistor, 1/4 watt, ±5%","","","~","","",""
"R4","","1","1MΩ","","Flame-proof resistor, 1/4 watt, ±5%","","","~","","",""
"C8","","1","0.1µF","","Unpolarized, dipped film bypass capacitor","","","~","","",""
"C1,C2,C3,C9,C10,C12","","6","0.1uF","","0.1uF Dipped Tantalum, 35V","","","~","","",""
"C61,C62,C63,C64,C65,C66","","6","0.1µF","","0.1uF Dipped Tantalum, 35V","","","~","","",""
"C37,C53","","2","0.1µF","","0.1uF Dipped Film, ±10%","","","~","","",""
"C14,C15,C16,C17,C18,C19,C20,C21,C22,C23,C24,C25,C26,C27,C29,C30,C31,C32,C33,C34,C35,C36,C38,C39,C40,C41,C42,C43,C44,C45,C46,C47,C48,C49,C50,C51,C52,C54,C55,C56,C57,C58,C59,C60","","44","0.1µF","","0.1uF Dipped Film, ±10%","","","~","","",""
"C13,C28","","2","0.1µF","","0.1uF Dipped Film, ±10%","","","~","","",""
"C4,C5","","2","39pF","39K U2J 1KV","Unpolarized, dipped ceramic filter capacitor, ±10% 1KV","","","~","","",""
"C7","","1","20pF","20K S2L 1KV","Unpolarized dipped ceramic disk capacitor, ±10%, 1KV","","","~","","",""
